title,description,remaining_count,expiration_date
Bali,"Suspendisse congue erat ac ex venenatis mattis. Sed finibus sodales nunc, nec maximus tellus aliquam id. Maecenas non volutpat nisl. Curabitur vestibulum ante non nibh faucibus, sit amet pulvinar turpis finibus",5,47806
Madeira,"Donec condimentum, risus non mollis sollicitudin, est neque sagittis metus, eget aliquam orci quam eget dui. Nam imperdiet, lorem quis lacinia imperdiet, augue libero tincidunt sem, eget pulvinar massa est non metus. Pellentesque et massa nibh.",4,47807
Paris trip,"Pellentesque non aliquam eros, quis posuere leo. Nullam sit amet tempor orci. Phasellus quam velit, aliquet nec nisl et, commodo rutrum lorem. Proin egestas nisl eget magna commodo sagittis. Integer egestas sodales mi eu maximus. Mauris et auctor felis, at dictum ipsum. Curabitur eros neque, commodo non mi congue, eleifend molestie quam. Cras feugiat, turpis sed ullamcorper vestibulum, enim lectus sagittis dui, ac semper nulla leo id arcu. Suspendisse auctor risus eu magna dapibus suscipit. Cras luctus dapibus turpis, vel ornare diam dignissim sed. Sed odio ipsum, placerat et mi eu, eleifend bibendum risus. Aliquam sed iaculis elit. Donec interdum egestas metus, quis sollicitudin nisi imperdiet id. Integer non ante eleifend mi viverra interdum eu nec nibh. Sed ac tortor lorem",3,47808
F1 stage,"Lorem ipsum dolor sit amet, consectetur adipiscing elit. Aliquam in augue ut velit condimentum",2,47809
Hot air balloon,"Etiam molestie sem id luctus facilisis. Proin vestibulum, mauris vitae suscipit suscipit, metus enim faucibus metus, a bibendum nibh lorem id nisl",1,44523
Route 66,"Quisque at feugiat purus. Praesent feugiat eget sem quis tincidunt. Aliquam dui magna, auctor sit amet turpis nec, porttitor porta ero",0,44889
Milano,"Nunc laoreet purus eget tristique suscipit. Class aptent taciti sociosqu ad litora torquent per conubia nostra, per inceptos himenaeos",1,47812
Italy,Suspendisse potenti,2,47813
Rome,"Suspendisse dui felis, convallis in tortor vitae, lobortis molestie leo",5,47814
France,Ut at euismod massa,4,47815
Versailles,"Sed tristique quam in elit bibendum tristique. Aliquam auctor, ante et pellentesque tristique, ipsum urna condimentum ante, vitae sodales ipsum augue ac massa.",3,47816
London,Vestibulum in purus eu massa rutrum pretium ut non metus. Donec condimentum id elit eu convallis,2,47817
London,Quisque ut eleifend turpis,1,45261
Halifax,"Nudus, turpis,",2,47819
,"Putridus, findere,",,
,"Acerbus, crudus,",,
,"Raptus, contemptio",,
England,"Ut mauris orci, sodales ac pulvinar nec, posuere et metus.",10,47820
